venue-name;venue-address;workspaceTypesFormatted;workspaceSearchResults-spaceTypeFormatted;price;priceDescription
CityCentral - Dallas;17250 Dallas Parkway, Dallas, TX 75248;;Desk;25.0;/day-pass
CityCentral - Dallas;17250 Dallas Parkway, Dallas, TX 75248;;Office;50.0;/day
CityCentral - Dallas;17250 Dallas Parkway, Dallas, TX 75248;;Training Room, Event Space;100.0;/hour
CityCentral - Dallas;17250 Dallas Parkway, Dallas, TX 75248;;Event Space;200.0;/hour
CityCentral - Dallas;17250 Dallas Parkway, Dallas, TX 75248;;Meeting Space;60.0;/hour
CityCentral - Dallas;17250 Dallas Parkway, Dallas, TX 75248;;Meeting Space;60.0;/hour
CityCentral - Dallas;17250 Dallas Parkway, Dallas, TX 75248;;Meeting Space;60.0;/hour
CityCentral - Dallas;17250 Dallas Parkway, Dallas, TX 75248;;Meeting Space;60.0;/hour
CityCentral Richardson;500 North Central Expressway, 500, Plano, TX 75074;;Office;10.0;/hour
CityCentral Richardson;500 North Central Expressway, 500, Plano, TX 75074;;Meeting Space;40.0;/hour
CityCentral Richardson;500 North Central Expressway, 500, Plano, TX 75074;;Meeting Space;40.0;/hour
CityCentral Richardson;500 North Central Expressway, 500, Plano, TX 75074;;Meeting Space;40.0;/hour
CityCentral Richardson;500 North Central Expressway, 500, Plano, TX 75074;;Meeting Space;80.0;/hour
CityCentral Richardson;500 North Central Expressway, 500, Plano, TX 75074;;Meeting Space;40.0;/hour
Common Desk - West End;603 Munger Avenue, Dallas, TX 75202;;Desk;25.0;/day-pass
Venture X | Grapevine - DFW Airport North;2451 West Grapevine Mills Circle, Grapevine, TX 76051;;Office;45.0;/hour
Venture X | Grapevine - DFW Airport North;2451 West Grapevine Mills Circle, Grapevine, TX 76051;;Desk;35.0;/day-pass
Venture X | Grapevine - DFW Airport North;2451 West Grapevine Mills Circle, Grapevine, TX 76051;;Meeting Space;60.0;/hour
Venture X | Grapevine - DFW Airport North;2451 West Grapevine Mills Circle, Grapevine, TX 76051;;Meeting Space;55.0;/hour
Venture X | Grapevine - DFW Airport North;2451 West Grapevine Mills Circle, Grapevine, TX 76051;;Meeting Space;60.0;/hour
Venture X | Grapevine - DFW Airport North;2451 West Grapevine Mills Circle, Grapevine, TX 76051;;Meeting Space;30.0;/hour
Venture X | Grapevine - DFW Airport North;2451 West Grapevine Mills Circle, Grapevine, TX 76051;;Meeting Space;55.0;/hour
Venture X | Grapevine - DFW Airport North;2451 West Grapevine Mills Circle, Grapevine, TX 76051;;Meeting Space;60.0;/hour
Executive Workspace| Park & Preston;5055 West Park Boulevard, 400, Plano, TX 75093;;Meeting Space;55.0;/hour
Executive Workspace| Park & Preston;5055 West Park Boulevard, 400, Plano, TX 75093;;Meeting Space;45.0;/hour
Executive Workspace| Park & Preston;5055 West Park Boulevard, 400, Plano, TX 75093;;Meeting Space;35.0;/hour
Executive Workspace| Park & Preston;5055 West Park Boulevard, 400, Plano, TX 75093;;Office;30.0;/hour
Common Desk - Downtown Dallas;2001 Ross Avenue, 700, Dallas, TX 75201;;Office;90.0;/day-pass
Common Desk - Downtown Dallas;2001 Ross Avenue, 700, Dallas, TX 75201;;Desk;25.0;/day-pass
Serendipity Labs - Plano - Legacy West;7950 Legacy Drive, Sutie 400, Plano, TX 75024;;Desk;35.0;/day-pass
Serendipity Labs - Plano - Legacy West;7950 Legacy Drive, Sutie 400, Plano, TX 75024;;Meeting Space;59.0;/hour
Serendipity Labs - Plano - Legacy West;7950 Legacy Drive, Sutie 400, Plano, TX 75024;;Meeting Space;69.0;/hour
Executive Workspace| Allen;1333 McDermott Dr, Suite 200, Allen, TX 75013;;Meeting Space;55.0;/hour
Executive Workspace| Allen;1333 McDermott Dr, Suite 200, Allen, TX 75013;;Meeting Space;45.0;/hour
Executive Workspace| Allen;1333 McDermott Dr, Suite 200, Allen, TX 75013;;Office;30.0;/hour
Communion Cooperative;514 Lockwood Drive, Richardson, TX 75080;;Desk;25.0;/day-pass
Communion Cooperative;514 Lockwood Drive, Richardson, TX 75080;;Meeting Space;40.0;/hour
Communion Cooperative;514 Lockwood Drive, Richardson, TX 75080;;Meeting Space;60.0;/hour
Communion Cooperative;514 Lockwood Drive, Richardson, TX 75080;;Meeting Space;60.0;/hour
BOSS Office & Coworking;129 South Main Street, 260, Grapevine, TX 76051;;Meeting Space;60.0;/hour
BOSS Office & Coworking;129 South Main Street, 260, Grapevine, TX 76051;;Desk;40.0;/day-pass
BOSS Office & Coworking;129 South Main Street, 260, Grapevine, TX 76051;;Meeting Space;150.0;/hour
BOSS Office & Coworking;129 South Main Street, 260, Grapevine, TX 76051;;Meeting Space;35.0;/hour
HEXA Co-Working;2100 North Greenville Avenue, Richardson, TX 75082;;Event Space;150.0;/hour
HEXA Co-Working;2100 North Greenville Avenue, Richardson, TX 75082;;Event Space;150.0;/hour
HEXA Co-Working;2100 North Greenville Avenue, Richardson, TX 75082;;Event Space;150.0;/hour
HEXA Co-Working;2100 North Greenville Avenue, Richardson, TX 75082;;Event Space;190.0;/hour
HEXA Co-Working;2100 North Greenville Avenue, Richardson, TX 75082;;Event Space;190.0;/hour
HEXA Co-Working;2100 North Greenville Avenue, Richardson, TX 75082;;Event Space;290.0;/hour
HEXA Co-Working;2100 North Greenville Avenue, Richardson, TX 75082;;Meeting Space;30.0;/hour
HEXA Co-Working;2100 North Greenville Avenue, Richardson, TX 75082;;Meeting Space;30.0;/hour
HEXA Co-Working;2100 North Greenville Avenue, Richardson, TX 75082;;Meeting Space;30.0;/hour
HEXA Co-Working;2100 North Greenville Avenue, Richardson, TX 75082;;Meeting Space;44.0;/hour
Bo Ex Properties;17766 Preston Road, Dallas, TX 75252;;Training Room, Event Space;30.0;/hour
Bo Ex Properties;17766 Preston Road, Dallas, TX 75252;;Office;30.0;/hour
(ALN) One Allen Center;700 Central Expressway South, 400, Allen, TX 75013;;Meeting Space;75.0;/hour
(ALN) One Allen Center;700 Central Expressway South, 400, Allen, TX 75013;;Meeting Space;55.0;/hour
(ALN) One Allen Center;700 Central Expressway South, 400, Allen, TX 75013;;Office;35.0;/hour
Apt CoWork at Savoye;3870 Ponte Avenue, 110, Addison, TX 75001;;Desk;30.0;/day-pass
Apt CoWork at Savoye;3870 Ponte Avenue, 110, Addison, TX 75001;;Office;12.0;/hour
Apt CoWork at Savoye;3870 Ponte Avenue, 110, Addison, TX 75001;;Meeting Space;40.0;/hour
Apt CoWork at Savoye;3870 Ponte Avenue, 110, Addison, TX 75001;;Meeting Space;40.0;/hour
Apt CoWork at Savoye;3870 Ponte Avenue, 110, Addison, TX 75001;;Office;12.0;/hour
25N Coworking - Frisco;9355 John W. Elliott Drive, 25, Frisco, TX 75034;;Meeting Space;55.0;/hour
25N Coworking - Frisco;9355 John W. Elliott Drive, 25, Frisco, TX 75034;;Desk;25.0;/day-pass
25N Coworking - Frisco;9355 John W. Elliott Drive, 25, Frisco, TX 75034;;Meeting Space;40.0;/hour
25N Coworking - Frisco;9355 John W. Elliott Drive, 25, Frisco, TX 75034;;Meeting Space;70.0;/hour
25N Coworking - Frisco;9355 John W. Elliott Drive, 25, Frisco, TX 75034;;Meeting Space;90.0;/hour
(STO) Hall Office Park;2591 Dallas Parkway, Suite 300, Frisco, TX 75034;;Meeting Space;50.0;/hour
(STO) Hall Office Park;2591 Dallas Parkway, Suite 300, Frisco, TX 75034;;Meeting Space;30.0;/hour
(STO) Hall Office Park;2591 Dallas Parkway, Suite 300, Frisco, TX 75034;;Meeting Space;35.0;/hour
(STO) Hall Office Park;2591 Dallas Parkway, Suite 300, Frisco, TX 75034;;Office;20.0;/hour
Roam Grandscape;5752 Grandscape Boulevard, 225, The Colony, TX 75056;;Meeting Space;50.0;/hour
Roam Grandscape;5752 Grandscape Boulevard, 225, The Colony, TX 75056;;Meeting Space;50.0;/hour
Roam Grandscape;5752 Grandscape Boulevard, 225, The Colony, TX 75056;;Meeting Space;65.0;/hour
Roam Grandscape;5752 Grandscape Boulevard, 225, The Colony, TX 75056;;Meeting Space;65.0;/hour
Roam Grandscape;5752 Grandscape Boulevard, 225, The Colony, TX 75056;;Meeting Space;65.0;/hour
Roam Grandscape;5752 Grandscape Boulevard, 225, The Colony, TX 75056;;Meeting Space;50.0;/hour
Roam Grandscape;5752 Grandscape Boulevard, 225, The Colony, TX 75056;;Meeting Space;50.0;/hour
Roam Grandscape;5752 Grandscape Boulevard, 225, The Colony, TX 75056;;Desk;50.0;/day-pass
Lucid Private Offices | West Plano - Willow Bend;6275 West Plano Parkway, 500, Plano, TX 75093;;Office;20.0;/hour
Lucid Private Offices | West Plano - Willow Bend;6275 West Plano Parkway, 500, Plano, TX 75093;;Meeting Space;75.0;/day
Lucid Private Offices | West Plano - Willow Bend;6275 West Plano Parkway, 500, Plano, TX 75093;;Desk;35.0;/day-pass
Lucid Private Offices | West Plano - Willow Bend;6275 West Plano Parkway, 500, Plano, TX 75093;;Meeting Space;75.0;/hour
Lucid Private Offices | West Plano - Willow Bend;6275 West Plano Parkway, 500, Plano, TX 75093;;Meeting Space;75.0;/hour
Lucid Private Offices | West Plano - Willow Bend;6275 West Plano Parkway, 500, Plano, TX 75093;;Meeting Space;75.0;/hour
Lucid Private Offices | West Plano - Willow Bend;6275 West Plano Parkway, 500, Plano, TX 75093;;Meeting Space;85.0;/hour
Workbox - Victory Park;3090 Nowitzki Way, 300, Dallas, TX 75219;;Desk;35.0;/day-pass
Venture X | The Realm at Castle Hills;4400 TX-121, Suite 300, Lewisville, TX 75056;;Meeting Space;85.0;/hour
Venture X | The Realm at Castle Hills;4400 TX-121, Suite 300, Lewisville, TX 75056;;Desk;30.0;/day-pass
Venture X | The Realm at Castle Hills;4400 TX-121, Suite 300, Lewisville, TX 75056;;Meeting Space;50.0;/hour
Venture X | The Realm at Castle Hills;4400 TX-121, Suite 300, Lewisville, TX 75056;;Office;60.0;/day-pass
Venture X | The Realm at Castle Hills;4400 TX-121, Suite 300, Lewisville, TX 75056;;Meeting Space;80.0;/hour
Venture X | The Realm at Castle Hills;4400 TX-121, Suite 300, Lewisville, TX 75056;;Office;80.0;/day-pass
Venture X | The Realm at Castle Hills;4400 TX-121, Suite 300, Lewisville, TX 75056;;Meeting Space;75.0;/hour
Venture X | The Realm at Castle Hills;4400 TX-121, Suite 300, Lewisville, TX 75056;;Meeting Space;75.0;/hour
Cubexec at Las Colinas;955 West John Carpenter Freeway, 100, Irving, TX 75039;;Office;50.0;/day-pass
Cubexec at Las Colinas;955 West John Carpenter Freeway, 100, Irving, TX 75039;;Meeting Space;40.0;/hour
Cubexec at Las Colinas;955 West John Carpenter Freeway, 100, Irving, TX 75039;;Meeting Space;50.0;/hour
Cubexec at Las Colinas;955 West John Carpenter Freeway, 100, Irving, TX 75039;;Meeting Space;30.0;/hour
Cubexec at Las Colinas;955 West John Carpenter Freeway, 100, Irving, TX 75039;;Desk;20.0;/day-pass
Cubexec at Las Colinas;955 West John Carpenter Freeway, 100, Irving, TX 75039;;Meeting Space;50.0;/hour
Success.Space | Flower Mound;6050 Long Prairie Rd, 100, Flower Mound, TX 75028;;Desk;25.0;/day-pass
Success.Space | Flower Mound;6050 Long Prairie Rd, 100, Flower Mound, TX 75028;;Meeting Space;75.0;/hour
Success.Space | Flower Mound;6050 Long Prairie Rd, 100, Flower Mound, TX 75028;;Meeting Space;100.0;/hour
Success.Space | Flower Mound;6050 Long Prairie Rd, 100, Flower Mound, TX 75028;;Meeting Space;40.0;/hour
Success.Space | Flower Mound;6050 Long Prairie Rd, 100, Flower Mound, TX 75028;;Office;35.0;/day
Expansive - Katy Building;701 Commerce Street, Dallas, TX 75202;;Event Space;189.0;/hour
Expansive - Katy Building;701 Commerce Street, Dallas, TX 75202;;Office;224.0;/day
Expansive - Katy Building;701 Commerce Street, Dallas, TX 75202;;Training Room, Event Space;938.0;/day
Expansive - Katy Building;701 Commerce Street, Dallas, TX 75202;;Meeting Space;75.0;/hour
Expansive - Katy Building;701 Commerce Street, Dallas, TX 75202;;Meeting Space;75.0;/hour
Expansive - Katy Building;701 Commerce Street, Dallas, TX 75202;;Meeting Space;75.0;/hour
Expansive - Katy Building;701 Commerce Street, Dallas, TX 75202;;Office;112.0;/day
Expansive - Katy Building;701 Commerce Street, Dallas, TX 75202;;Meeting Space;50.0;/hour
Expansive - Katy Building;701 Commerce Street, Dallas, TX 75202;;Desk;38.0;/day
Comfort Inn & Suites Dallas North by the Galleria;13900 Parkside Center Boulevard, Dallas, TX 75244;;Meeting Space;25.0;/hour
CityCentral - Plano;6010 West Spring Creek Parkway, Plano, TX 75024;;Meeting Space;60.0;/hour
CityCentral - Plano;6010 West Spring Creek Parkway, Plano, TX 75024;;Meeting Space;60.0;/hour
CityCentral - Plano;6010 West Spring Creek Parkway, Plano, TX 75024;;Meeting Space;60.0;/hour
CityCentral - Plano;6010 West Spring Creek Parkway, Plano, TX 75024;;Office;10.0;/hour
CityCentral - Plano;6010 West Spring Creek Parkway, Plano, TX 75024;;Office;10.0;/hour
CityCentral - Plano;6010 West Spring Creek Parkway, Plano, TX 75024;;Meeting Space;60.0;/hour
Venture X | Dallas by the Galleria;5301 Alpha Road, Suite 80, Dallas, TX 75240;;Office;95.0;/day-pass
Venture X | Dallas by the Galleria;5301 Alpha Road, Suite 80, Dallas, TX 75240;;Desk;35.0;/day-pass
Venture X | Dallas by the Galleria;5301 Alpha Road, Suite 80, Dallas, TX 75240;;Event Space;175.0;/hour
Venture X | Dallas by the Galleria;5301 Alpha Road, Suite 80, Dallas, TX 75240;;Meeting Space;45.0;/hour
Venture X | Dallas by the Galleria;5301 Alpha Road, Suite 80, Dallas, TX 75240;;Meeting Space;55.0;/hour
Venture X | Dallas by the Galleria;5301 Alpha Road, Suite 80, Dallas, TX 75240;;Meeting Space;65.0;/hour
Venture X | Dallas by the Galleria;5301 Alpha Road, Suite 80, Dallas, TX 75240;;Training Room, Event Space;100.0;/hour
Foster Coworking;400 East Las Colinas Boulevard, 300, Irving, TX 75039;;Meeting Space;38.0;/hour
Foster Coworking;400 East Las Colinas Boulevard, 300, Irving, TX 75039;;Meeting Space;38.0;/hour
Foster Coworking;400 East Las Colinas Boulevard, 300, Irving, TX 75039;;Meeting Space;38.0;/hour
Foster Coworking;400 East Las Colinas Boulevard, 300, Irving, TX 75039;;Meeting Space;60.0;/hour
Foster Coworking;400 East Las Colinas Boulevard, 300, Irving, TX 75039;;Meeting Space;60.0;/hour
Foster Coworking;400 East Las Colinas Boulevard, 300, Irving, TX 75039;;Desk;49.0;/day-pass
Foster Coworking;400 East Las Colinas Boulevard, 300, Irving, TX 75039;;Meeting Space;27.0;/hour
Foster Coworking;400 East Las Colinas Boulevard, 300, Irving, TX 75039;;Meeting Space;38.0;/hour
Foster Coworking;400 East Las Colinas Boulevard, 300, Irving, TX 75039;;Meeting Space;38.0;/hour
Foster Coworking;400 East Las Colinas Boulevard, 300, Irving, TX 75039;;Meeting Space;27.0;/hour
Venture X | Allen-Fairview;163 Town Place, Fairview, TX 75069;;Desk;35.0;/day-pass
Venture X | Allen-Fairview;163 Town Place, Fairview, TX 75069;;Meeting Space;75.0;/hour
Venture X | Allen-Fairview;163 Town Place, Fairview, TX 75069;;Meeting Space;55.0;/hour
Venture X | Allen-Fairview;163 Town Place, Fairview, TX 75069;;Meeting Space;45.0;/hour
Venture X | Allen-Fairview;163 Town Place, Fairview, TX 75069;;Training Room, Event Space;150.0;/hour
Flex at The Gild;8350 North Central Expressway, Suite 1900, Dallas, TX 75206;;Meeting Space;45.0;/hour
Flex at The Gild;8350 North Central Expressway, Suite 1900, Dallas, TX 75206;;Meeting Space;45.0;/hour
Flex at The Gild;8350 North Central Expressway, Suite 1900, Dallas, TX 75206;;Meeting Space;45.0;/hour
Lucid Private Offices | Allen - Fairview;450 Century Parkway, 250, Allen, TX 75013;;Desk;35.0;/day-pass
Lucid Private Offices | Allen - Fairview;450 Century Parkway, 250, Allen, TX 75013;;Desk;35.0;/day-pass
Lucid Private Offices | Allen - Fairview;450 Century Parkway, 250, Allen, TX 75013;;Meeting Space;75.0;/hour
Lucid Private Offices | Allen - Fairview;450 Century Parkway, 250, Allen, TX 75013;;Meeting Space;75.0;/hour
Lucid Private Offices | Allen - Fairview;450 Century Parkway, 250, Allen, TX 75013;;Meeting Space;85.0;/hour
Lucid Private Offices | Allen - Fairview;450 Century Parkway, 250, Allen, TX 75013;;Office;75.0;/day
Lucid Private Offices | Allen - Fairview;450 Century Parkway, 250, Allen, TX 75013;;Meeting Space;85.0;/hour
Strive Willow Bend;5700 West Plano Parkway, 1000, Plano, TX 75093;;Office;5.0;/hour
Strive Willow Bend;5700 West Plano Parkway, 1000, Plano, TX 75093;;Meeting Space;40.0;/hour
Venture X Dallas - Braniff Center;7701 Lemmon Avenue, 260, Dallas, TX 75209;;Desk;38.0;/day-pass
Venture X Dallas - Braniff Center;7701 Lemmon Avenue, 260, Dallas, TX 75209;;Event Space;319.0;/hour
Venture X Dallas - Braniff Center;7701 Lemmon Avenue, 260, Dallas, TX 75209;;Meeting Space;81.0;/hour
Venture X Dallas - Braniff Center;7701 Lemmon Avenue, 260, Dallas, TX 75209;;Meeting Space;81.0;/hour
Venture X Dallas - Braniff Center;7701 Lemmon Avenue, 260, Dallas, TX 75209;;Office;271.0;/day-pass
Venture X Dallas - Braniff Center;7701 Lemmon Avenue, 260, Dallas, TX 75209;;Office;54.0;/day-pass
RecNation;2340 Vinson Road, Wylie, TX 75098;;Meeting Space;16.0;/hour
RecNation;2340 Vinson Road, Wylie, TX 75098;;Desk;16.0;/hour
RecNation;2340 Vinson Road, Wylie, TX 75098;;Office;16.0;/hour
RecNation;2340 Vinson Road, Wylie, TX 75098;;Desk;65.0;/day-pass
Lucid Private Offices | Las Colinas;511 East John W Carpenter Freeway, 500, Irving, TX 75062;;Office;61.0;/hour
Lucid Private Offices | Las Colinas;511 East John W Carpenter Freeway, 500, Irving, TX 75062;;Office;81.0;/day
Lucid Private Offices | Las Colinas;511 East John W Carpenter Freeway, 500, Irving, TX 75062;;Desk;41.0;/day-pass
Lucid Private Offices | Las Colinas;511 East John W Carpenter Freeway, 500, Irving, TX 75062;;Meeting Space;81.0;/hour
Lucid Private Offices | Las Colinas;511 East John W Carpenter Freeway, 500, Irving, TX 75062;;Meeting Space;91.0;/hour
Lucid Private Offices | Las Colinas;511 East John W Carpenter Freeway, 500, Irving, TX 75062;;Meeting Space;81.0;/hour
Lucid Private Offices | Las Colinas;511 East John W Carpenter Freeway, 500, Irving, TX 75062;;Meeting Space;81.0;/hour
Office Evolution - McKinney;8720 Silverado Trail, McKinney, TX 75070;;Desk;25.0;/day-pass
Office Evolution - McKinney;8720 Silverado Trail, McKinney, TX 75070;;Meeting Space;50.0;/hour
Office Evolution - McKinney;8720 Silverado Trail, McKinney, TX 75070;;Meeting Space;40.0;/hour
Executive Workspace| Frisco Station;6160 Warren Parkway, 100, Frisco, TX 75034;;Meeting Space;65.0;/hour
Executive Workspace| Frisco Station;6160 Warren Parkway, 100, Frisco, TX 75034;;Meeting Space;55.0;/hour
Executive Workspace| Frisco Station;6160 Warren Parkway, 100, Frisco, TX 75034;;Office;40.0;/hour
Executive Workspace| Frisco Station;6160 Warren Parkway, 100, Frisco, TX 75034;;Meeting Space;45.0;/hour
(HAL) Hall Park;3201 Dallas Parkway, 200, Frisco, TX 75034;;Meeting Space;75.0;/hour
(HAL) Hall Park;3201 Dallas Parkway, 200, Frisco, TX 75034;;Meeting Space;55.0;/hour
(HAL) Hall Park;3201 Dallas Parkway, 200, Frisco, TX 75034;;Office;35.0;/hour
Metrocrest Chamber of Commerce;13612 Midway Road, Farmers Branch, TX 75244;;Meeting Space;30.0;/hour
Lucid Private Offices | Uptown - Central Expressway;4131 North Central Expressway, 900, Dallas, TX 75204;;Office;75.0;/day
Lucid Private Offices | Uptown - Central Expressway;4131 North Central Expressway, 900, Dallas, TX 75204;;Desk;35.0;/day-pass
Lucid Private Offices | Uptown - Central Expressway;4131 North Central Expressway, 900, Dallas, TX 75204;;Meeting Space;85.0;/hour
Lucid Private Offices | Uptown - Central Expressway;4131 North Central Expressway, 900, Dallas, TX 75204;;Meeting Space;75.0;/hour
Lucid Private Offices | Uptown - Central Expressway;4131 North Central Expressway, 900, Dallas, TX 75204;;Meeting Space;75.0;/hour
Lucid Private Offices | Uptown - Central Expressway;4131 North Central Expressway, 900, Dallas, TX 75204;;Meeting Space;85.0;/hour
Capital One Café - Stonebriar;2601 Preston Rd, Space 1176, Frisco, TX 75034;;Desk;0.0;null
Lucid Private Offices | Uptown - Cole Ave;2626 Cole Avenue, 300, Dallas, TX 75204;;Office;75.0;/day
Lucid Private Offices | Uptown - Cole Ave;2626 Cole Avenue, 300, Dallas, TX 75204;;Desk;35.0;/day-pass
Lucid Private Offices | Uptown - Cole Ave;2626 Cole Avenue, 300, Dallas, TX 75204;;Meeting Space;85.0;/hour
Lucid Private Offices | Uptown - Cole Ave;2626 Cole Avenue, 300, Dallas, TX 75204;;Meeting Space;85.0;/hour
Lucid Private Offices | Uptown - Cole Ave;2626 Cole Avenue, 300, Dallas, TX 75204;;Meeting Space;75.0;/hour
Lucid Private Offices | Uptown - Cole Ave;2626 Cole Avenue, 300, Dallas, TX 75204;;Meeting Space;75.0;/hour
Lucid Private Offices | Southlake Town Square;1560 East Southlake Boulevard, 100, Southlake, TX 76092;;Meeting Space;75.0;/day
Lucid Private Offices | Southlake Town Square;1560 East Southlake Boulevard, 100, Southlake, TX 76092;;Desk;35.0;/day-pass
Lucid Private Offices | Southlake Town Square;1560 East Southlake Boulevard, 100, Southlake, TX 76092;;Desk;35.0;/day-pass
Lucid Private Offices | Southlake Town Square;1560 East Southlake Boulevard, 100, Southlake, TX 76092;;Meeting Space;85.0;/hour
Lucid Private Offices | Southlake Town Square;1560 East Southlake Boulevard, 100, Southlake, TX 76092;;Meeting Space;75.0;/hour
Lucid Private Offices | Southlake Town Square;1560 East Southlake Boulevard, 100, Southlake, TX 76092;;Office;75.0;/hour
Lucid Private Offices | Southlake Town Square;1560 East Southlake Boulevard, 100, Southlake, TX 76092;;Meeting Space;75.0;/hour
Intelligent Office Dallas (Las Colinas);6565 N MacArthur Blvd, 225, Dallas, TX 75039;;Office;30.0;/hour
Intelligent Office Dallas (Las Colinas);6565 N MacArthur Blvd, 225, Dallas, TX 75039;;Meeting Space;55.0;/hour
Intelligent Office Dallas (Las Colinas);6565 N MacArthur Blvd, 225, Dallas, TX 75039;;Meeting Space;45.0;/hour
Lucid Private Offices | Mockingbird - SMU;6060 North Central Expressway, 500, Dallas, TX 75206;;Office;75.0;/day
Lucid Private Offices | Mockingbird - SMU;6060 North Central Expressway, 500, Dallas, TX 75206;;Desk;35.0;/day-pass
Lucid Private Offices | Mockingbird - SMU;6060 North Central Expressway, 500, Dallas, TX 75206;;Meeting Space;75.0;/hour
Lucid Private Offices | Mockingbird - SMU;6060 North Central Expressway, 500, Dallas, TX 75206;;Meeting Space;65.0;/hour
Lucid Private Offices | Mockingbird - SMU;6060 North Central Expressway, 500, Dallas, TX 75206;;Meeting Space;65.0;/hour
Lucid Private Offices | Mockingbird - SMU;6060 North Central Expressway, 500, Dallas, TX 75206;;Meeting Space;95.0;/hour
Lucid Private Offices | Mockingbird - SMU;6060 North Central Expressway, 500, Dallas, TX 75206;;Meeting Space;85.0;/hour
Lucid Private Offices | Mockingbird - SMU;6060 North Central Expressway, 500, Dallas, TX 75206;;Meeting Space;85.0;/hour
Lucid Private Offices | Mockingbird - SMU;6060 North Central Expressway, 500, Dallas, TX 75206;;Meeting Space;75.0;/hour
Executive Workspace| Uptown;3710 Rawlins Street, 1420, Dallas, TX 75219;;Meeting Space;65.0;/hour
Executive Workspace| Uptown;3710 Rawlins Street, 1420, Dallas, TX 75219;;Meeting Space;55.0;/hour
Executive Workspace| Uptown;3710 Rawlins Street, 1420, Dallas, TX 75219;;Office;40.0;/hour
Executive Workspace| Hillcrest LBJ;12700 Hillcrest Road, 125, Dallas, TX 75230;;Meeting Space;55.0;/hour
Executive Workspace| Hillcrest LBJ;12700 Hillcrest Road, 125, Dallas, TX 75230;;Meeting Space;45.0;/hour
Executive Workspace| Hillcrest LBJ;12700 Hillcrest Road, 125, Dallas, TX 75230;;Office;30.0;/hour
Executive Workspace| Hillcrest LBJ;12700 Hillcrest Road, 125, Dallas, TX 75230;;Meeting Space;35.0;/hour
Capital One Café - Wynnewood Village;655 West Illinois Avenue, 230, Dallas, TX 75224;;Desk;0.0;null
Lucid Private Offices | Dallas Galleria Tower One;13355 Noel Rd, 1100, Dallas, TX 75240;;Office;75.0;/day
Lucid Private Offices | Dallas Galleria Tower One;13355 Noel Rd, 1100, Dallas, TX 75240;;Desk;35.0;/day-pass
Lucid Private Offices | Dallas Galleria Tower One;13355 Noel Rd, 1100, Dallas, TX 75240;;Meeting Space;65.0;/hour
Lucid Private Offices | Dallas Galleria Tower One;13355 Noel Rd, 1100, Dallas, TX 75240;;Meeting Space;75.0;/hour
Lucid Private Offices | Dallas Galleria Tower One;13355 Noel Rd, 1100, Dallas, TX 75240;;Meeting Space;65.0;/hour
Beehive Dallas;1512 Edison Street, Dallas, TX 75207;;Event Space;130.0;/hour
Beehive Dallas;1512 Edison Street, Dallas, TX 75207;;Event Space;108.0;/hour
Beehive Dallas;1512 Edison Street, Dallas, TX 75207;;Meeting Space;32.0;/hour
Beehive Dallas;1512 Edison Street, Dallas, TX 75207;;Desk;54.0;/day-pass
Beehive Dallas;1512 Edison Street, Dallas, TX 75207;;Meeting Space;43.0;/hour
Beehive Dallas;1512 Edison Street, Dallas, TX 75207;;Meeting Space;27.0;/hour
Beehive Dallas;1512 Edison Street, Dallas, TX 75207;;Meeting Space;27.0;/hour
Beehive Dallas;1512 Edison Street, Dallas, TX 75207;;Meeting Space;43.0;/hour
Beehive Dallas;1512 Edison Street, Dallas, TX 75207;;Training Room, Event Space;162.0;/hour
Beehive Dallas;1512 Edison Street, Dallas, TX 75207;;Office;216.0;/day-pass
Beehive Dallas;1512 Edison Street, Dallas, TX 75207;;Office;216.0;/day-pass
Beehive Dallas;1512 Edison Street, Dallas, TX 75207;;Office;216.0;/day-pass
Beehive Dallas;1512 Edison Street, Dallas, TX 75207;;Office;216.0;/day-pass
Beehive Dallas;1512 Edison Street, Dallas, TX 75207;;Office;216.0;/day-pass
Beehive Dallas;1512 Edison Street, Dallas, TX 75207;;Training Room, Event Space;271.0;/hour
Beehive Dallas;1512 Edison Street, Dallas, TX 75207;;Office;216.0;/day-pass
Beehive Dallas;1512 Edison Street, Dallas, TX 75207;;Meeting Space;54.0;/hour
Soar Creative Studios;1337 Chemical Street, Dallas, TX 75207;;Event Space;300.0;/hour
Soar Creative Studios;1337 Chemical Street, Dallas, TX 75207;;Training Room, Event Space;40.0;/hour
Soar Creative Studios;1337 Chemical Street, Dallas, TX 75207;;Training Room, Event Space;60.0;/hour
Soar Creative Studios;1337 Chemical Street, Dallas, TX 75207;;Event Space;150.0;/hour
Soar Creative Studios;1337 Chemical Street, Dallas, TX 75207;;Event Space;150.0;/hour
Soar Creative Studios;1337 Chemical Street, Dallas, TX 75207;;Event Space;185.0;/hour
Lone Star Executive Suites;312 West Northwest Highway, Grapevine, TX 76051;;Desk;25.0;/day-pass
Lone Star Executive Suites;312 West Northwest Highway, Grapevine, TX 76051;;Meeting Space;45.0;/hour
Lone Star Executive Suites;312 West Northwest Highway, Grapevine, TX 76051;;Meeting Space;60.0;/hour
Lone Star Executive Suites;312 West Northwest Highway, Grapevine, TX 76051;;Meeting Space;45.0;/hour
Executive Workspace| Carrollton;2340 East Trinity Mills Road, 300, Carrollton, TX 75006;;Meeting Space;55.0;/hour
Executive Workspace| Carrollton;2340 East Trinity Mills Road, 300, Carrollton, TX 75006;;Meeting Space;45.0;/hour
Executive Workspace| Carrollton;2340 East Trinity Mills Road, 300, Carrollton, TX 75006;;Office;30.0;/hour
(TCV) Two Turtle Creek;3838 Oak Lawn Avenue, Suite 1000, Dallas, TX 75219;;Meeting Space;75.0;/hour
(TCV) Two Turtle Creek;3838 Oak Lawn Avenue, Suite 1000, Dallas, TX 75219;;Meeting Space;55.0;/hour
(MCK) Robinson Park;5900 South Lake Forest Drive, Suite 300, McKinney, TX 75070;;Meeting Space;50.0;/hour
(MCK) Robinson Park;5900 South Lake Forest Drive, Suite 300, McKinney, TX 75070;;Office;35.0;/hour
Office Evolution - Southlake;180 State Street, 225, Southlake, TX 76092;;Meeting Space;100.0;/hour
Office Evolution - Southlake;180 State Street, 225, Southlake, TX 76092;;Meeting Space;50.0;/hour
Office Evolution - Southlake;180 State Street, 225, Southlake, TX 76092;;Office;350.0;/day-pass
Executive Workspace| Preston Center;8300 Douglas Avenue, 800, Dallas, TX 75225;;Meeting Space;65.0;/hour
Executive Workspace| Preston Center;8300 Douglas Avenue, 800, Dallas, TX 75225;;Meeting Space;55.0;/hour
Executive Workspace| Preston Center;8300 Douglas Avenue, 800, Dallas, TX 75225;;Office;40.0;/hour
Lucid Private Offices | Legacy - Frisco;5700 Tennyson Parkway, 300, Plano, TX 75024;;Office;75.0;/day
Lucid Private Offices | Legacy - Frisco;5700 Tennyson Parkway, 300, Plano, TX 75024;;Desk;35.0;/day-pass
Lucid Private Offices | Legacy - Frisco;5700 Tennyson Parkway, 300, Plano, TX 75024;;Meeting Space;85.0;/hour
Lucid Private Offices | Legacy - Frisco;5700 Tennyson Parkway, 300, Plano, TX 75024;;Meeting Space;75.0;/hour
Lucid Private Offices | Legacy - Frisco;5700 Tennyson Parkway, 300, Plano, TX 75024;;Meeting Space;75.0;/hour
Lucid Private Offices | Legacy - Frisco;5700 Tennyson Parkway, 300, Plano, TX 75024;;Meeting Space;85.0;/hour
Lucid Private Offices | Dallas Galleria Tower Three;13155 Noel Road, 900, Dallas, TX 75240;;Office;75.0;/day
Lucid Private Offices | Dallas Galleria Tower Three;13155 Noel Road, 900, Dallas, TX 75240;;Desk;35.0;/day-pass
Lucid Private Offices | Dallas Galleria Tower Three;13155 Noel Road, 900, Dallas, TX 75240;;Meeting Space;55.0;/hour
Lucid Private Offices | Dallas Galleria Tower Three;13155 Noel Road, 900, Dallas, TX 75240;;Meeting Space;75.0;/hour
Lucid Private Offices | Dallas Galleria Tower Three;13155 Noel Road, 900, Dallas, TX 75240;;Meeting Space;65.0;/hour
Lucid Private Offices | Dallas Galleria Tower Three;13155 Noel Road, 900, Dallas, TX 75240;;Meeting Space;65.0;/hour
Lucid Private Offices | LBJ Freeway - Farmers Branch;3010 Lyndon B Johnson Freeway, 1200, Dallas, TX 75234;;Office;75.0;/day
Lucid Private Offices | LBJ Freeway - Farmers Branch;3010 Lyndon B Johnson Freeway, 1200, Dallas, TX 75234;;Desk;35.0;/day-pass
Lucid Private Offices | LBJ Freeway - Farmers Branch;3010 Lyndon B Johnson Freeway, 1200, Dallas, TX 75234;;Meeting Space;75.0;/hour
Lucid Private Offices | LBJ Freeway - Farmers Branch;3010 Lyndon B Johnson Freeway, 1200, Dallas, TX 75234;;Meeting Space;75.0;/hour
Lucid Private Offices | LBJ Freeway - Farmers Branch;3010 Lyndon B Johnson Freeway, 1200, Dallas, TX 75234;;Meeting Space;65.0;/hour
Lucid Private Offices | Grapevine - DFW Airport;1701 West Northwest Highway, 100, Grapevine, TX 76051;;Desk;35.0;/day-pass
Lucid Private Offices | Grapevine - DFW Airport;1701 West Northwest Highway, 100, Grapevine, TX 76051;;Meeting Space;65.0;/hour
Lucid Private Offices | Grapevine - DFW Airport;1701 West Northwest Highway, 100, Grapevine, TX 76051;;Office;75.0;/day
Lucid Private Offices | Grapevine - DFW Airport;1701 West Northwest Highway, 100, Grapevine, TX 76051;;Meeting Space;55.0;/hour
Lucid Private Offices | Grapevine - DFW Airport;1701 West Northwest Highway, 100, Grapevine, TX 76051;;Meeting Space;75.0;/hour
Apt CoWork at Stonebriar of Frisco;5200 Town and Country Boulevard, Frisco, TX 75034;;Desk;30.0;/day-pass
Apt CoWork at Stonebriar of Frisco;5200 Town and Country Boulevard, Frisco, TX 75034;;Meeting Space;60.0;/hour
Apt CoWork at Stonebriar of Frisco;5200 Town and Country Boulevard, Frisco, TX 75034;;Meeting Space;20.0;/hour
Connected Dallas;1910 Pacific Avenue, Suite 16825, Dallas, TX 75201;;Meeting Space;30.0;/hour
Lucid Private Offices | McKinney - Craig Ranch;7300 TX-121, 300, McKinney, TX 75070;;Desk;41.0;/day-pass
Lucid Private Offices | McKinney - Craig Ranch;7300 TX-121, 300, McKinney, TX 75070;;Meeting Space;91.0;/hour
Lucid Private Offices | McKinney - Craig Ranch;7300 TX-121, 300, McKinney, TX 75070;;Meeting Space;91.0;/hour
Lucid Private Offices | McKinney - Craig Ranch;7300 TX-121, 300, McKinney, TX 75070;;Meeting Space;91.0;/hour
Lucid Private Offices | McKinney - Craig Ranch;7300 TX-121, 300, McKinney, TX 75070;;Office;81.0;/day
Lucid Private Offices | McKinney - Craig Ranch;7300 TX-121, 300, McKinney, TX 75070;;Meeting Space;91.0;/hour
DFW Job Interlock;2600 MacArthur Boulevard, 203, Lewisville, TX 75067;;Meeting Space;35.0;/hour
The Gents Place Frisco at The Star;6775 Cowboys Way, 1320, Frisco, TX 75034;;Meeting Space;99.0;/hour
Office Evolution - Dallas Turtle Creek;3500 Oak Lawn Avenue, 460, Dallas, TX 75219;;Meeting Space;60.0;/hour
Office Evolution - Dallas Turtle Creek;3500 Oak Lawn Avenue, 460, Dallas, TX 75219;;Meeting Space;40.0;/hour
Office Evolution - Dallas Turtle Creek;3500 Oak Lawn Avenue, 460, Dallas, TX 75219;;Office;25.0;/hour
The Hive Cowork;501 South Elm Street, Royse City, TX 75189;;Desk;20.0;/day-pass
The Hive Cowork;501 South Elm Street, Royse City, TX 75189;;Desk;40.0;/day-pass
The Hive Cowork;501 South Elm Street, Royse City, TX 75189;;Desk;60.0;/day-pass
The Hive Cowork;501 South Elm Street, Royse City, TX 75189;;Office;20.0;/hour
The Hive Cowork;501 South Elm Street, Royse City, TX 75189;;Office;20.0;/hour
The Hive Cowork;501 South Elm Street, Royse City, TX 75189;;Office;25.0;/hour
Spryrocket Station;3723 Greenville Avenue, Dallas, TX 75206;;Meeting Space;45.0;/hour
Lucid Private Offices | NorthPark;8080 North Central Expressway, Dallas, TX 75206;;Meeting Space;85.0;/hour
Lucid Private Offices | NorthPark;8080 North Central Expressway, Dallas, TX 75206;;Meeting Space;75.0;/hour
Lucid Private Offices | NorthPark;8080 North Central Expressway, Dallas, TX 75206;;Meeting Space;75.0;/hour
Lucid Private Offices | NorthPark;8080 North Central Expressway, Dallas, TX 75206;;Meeting Space;85.0;/hour
Lucid Private Offices | NorthPark;8080 North Central Expressway, Dallas, TX 75206;;Meeting Space;85.0;/hour
Strive Workspaces Preston Grove;15150 Preston Road, 300, Dallas, TX 75248;;Event Space;100.0;/hour
Strive Workspaces Preston Grove;15150 Preston Road, 300, Dallas, TX 75248;;Meeting Space;60.0;/hour
Strive Workspaces Preston Grove;15150 Preston Road, 300, Dallas, TX 75248;;Meeting Space;60.0;/hour
Legacy Plaza;5465 Legacy Dr, Suite 650, Plano, TX 75024;;Meeting Space;65.0;/hour
Legacy Plaza;5465 Legacy Dr, Suite 650, Plano, TX 75024;;Meeting Space;55.0;/hour
Legacy Plaza;5465 Legacy Dr, Suite 650, Plano, TX 75024;;Meeting Space;45.0;/hour
Legacy Plaza;5465 Legacy Dr, Suite 650, Plano, TX 75024;;Office;30.0;/hour
The Gents Place - Southlake;1201 E State Hwy 114, 140, Southlake, TX 76092;;Meeting Space;99.0;/hour
